latitude,longitude
-13.598318,-57.977921
-13.596073,-57.984656
-13.596073,-57.982411
-13.596073,-57.980166
-13.596073,-57.977921
-13.596073,-57.971186
-13.596073,-57.968941
-13.596073,-57.966696
-13.596073,-57.964451
-13.596073,-57.962206
-13.596073,-57.959961
-13.596073,-57.957716
-13.593828,-57.986901
-13.593828,-57.984656
-13.593828,-57.982411
-13.593828,-57.980166
-13.593828,-57.977921
-13.593828,-57.971186
-13.593828,-57.968941
-13.593828,-57.966696
-13.593828,-57.964451
-13.593828,-57.962206
-13.593828,-57.959961
-13.593828,-57.957716
-13.593828,-57.950981
-13.593828,-57.948736
-13.593828,-57.946491
-13.593828,-57.944246
-13.591583,-57.986901
-13.591583,-57.984656
-13.591583,-57.982411
-13.591583,-57.980166
-13.591583,-57.977921
-13.591583,-57.959961
-13.591583,-57.957716
-13.591583,-57.950981
-13.591583,-57.948736
-13.591583,-57.946491
-13.591583,-57.937511
-13.591583,-57.935266
-13.591583,-57.933021
-13.591583,-57.926286
-13.591583,-57.924041
-13.589338,-57.946491
-13.589338,-57.937511
-13.589338,-57.935266
-13.589338,-57.933021
-13.589338,-57.926286
-13.589338,-57.924041
-13.589338,-57.921796
-13.589338,-57.919551
-13.589338,-57.917306
-13.589338,-57.915061
-13.587093,-57.971186
-13.587093,-57.968941
-13.587093,-57.966696
-13.587093,-57.926286
-13.587093,-57.924041
-13.587093,-57.921796
-13.587093,-57.919551
-13.587093,-57.917306
-13.587093,-57.915061
-13.584848,-57.977921
-13.584848,-57.971186
-13.584848,-57.968941
-13.584848,-57.966696
-13.584848,-57.964451
-13.584848,-57.962206
-13.584848,-57.959961
-13.584848,-57.957716
-13.584848,-57.921796
-13.584848,-57.919551
-13.584848,-57.917306
-13.582603,-57.984656
-13.582603,-57.982411
-13.582603,-57.980166
-13.582603,-57.977921
-13.582603,-57.971186
-13.582603,-57.968941
-13.582603,-57.966696
-13.582603,-57.964451
-13.582603,-57.962206
-13.582603,-57.959961
-13.582603,-57.957716
-13.582603,-57.950981
-13.582603,-57.948736
-13.582603,-57.946491
-13.582603,-57.944246
-13.582603,-57.942001
-13.580358,-57.991391
-13.580358,-57.989146
-13.580358,-57.986901
-13.580358,-57.984656
-13.580358,-57.982411
-13.580358,-57.980166
-13.580358,-57.977921
-13.580358,-57.962206
-13.580358,-57.959961
-13.580358,-57.957716
-13.580358,-57.950981
-13.580358,-57.948736
-13.580358,-57.946491
-13.580358,-57.944246
-13.580358,-57.942001
-13.580358,-57.939756
-13.580358,-57.937511
-13.580358,-57.935266
-13.578113,-57.993636
-13.578113,-57.991391
-13.578113,-57.989146
-13.578113,-57.986901
-13.578113,-57.984656
-13.578113,-57.982411
-13.578113,-57.980166
-13.578113,-57.977921
-13.578113,-57.950981
-13.578113,-57.948736
-13.578113,-57.946491
-13.578113,-57.944246
-13.578113,-57.942001
-13.578113,-57.939756
-13.578113,-57.937511
-13.578113,-57.928531
-13.578113,-57.926286
-13.578113,-57.924041
-13.578113,-57.921796
-13.578113,-57.919551
-13.575868,-57.991391
-13.575868,-57.989146
-13.575868,-57.986901
-13.575868,-57.984656
-13.575868,-57.982411
-13.575868,-57.980166
-13.575868,-57.977921
-13.575868,-57.971186
-13.575868,-57.968941
-13.575868,-57.942001
-13.575868,-57.939756
-13.575868,-57.928531
-13.575868,-57.926286
-13.575868,-57.924041
-13.575868,-57.921796
-13.575868,-57.919551
-13.573623,-57.989146
-13.573623,-57.986901
-13.573623,-57.984656
-13.573623,-57.982411
-13.573623,-57.980166
-13.573623,-57.977921
-13.573623,-57.968941
-13.573623,-57.966696
-13.573623,-57.964451
-13.573623,-57.962206
-13.573623,-57.959961
-13.573623,-57.957716
-13.573623,-57.930776
-13.573623,-57.928531
-13.573623,-57.926286
-13.573623,-57.924041
-13.573623,-57.921796
-13.573623,-57.919551
-13.571378,-57.984656
-13.571378,-57.982411
-13.571378,-57.980166
-13.571378,-57.977921
-13.571378,-57.966696
-13.571378,-57.964451
-13.571378,-57.962206
-13.571378,-57.959961
-13.571378,-57.957716
-13.571378,-57.955471
-13.571378,-57.948736
-13.571378,-57.921796
-13.571378,-57.919551
-13.569133,-57.984656
-13.569133,-57.982411
-13.569133,-57.980166
-13.569133,-57.977921
-13.569133,-57.975676
-13.569133,-57.964451
-13.569133,-57.962206
-13.569133,-57.959961
-13.569133,-57.957716
-13.569133,-57.955471
-13.569133,-57.946491
-13.569133,-57.944246
-13.569133,-57.942001
-13.566888,-57.975676
-13.566888,-57.939756
-13.566888,-57.984656
-13.566888,-57.982411
-13.566888,-57.980166
-13.566888,-57.977921
-13.566888,-57.973431
-13.566888,-57.957716
-13.566888,-57.955471
-13.566888,-57.946491
-13.566888,-57.944246
-13.566888,-57.942001
-13.566888,-57.930776
-13.566888,-57.928531
-13.564643,-57.984656
-13.564643,-57.982411
-13.564643,-57.980166
-13.564643,-57.977921
-13.564643,-57.975676
-13.564643,-57.973431
-13.564643,-57.971186
-13.564643,-57.968941
-13.564643,-57.946491
-13.564643,-57.944246
-13.564643,-57.942001
-13.564643,-57.939756
-13.564643,-57.930776
-13.564643,-57.928531
-13.564643,-57.926286
-13.564643,-57.924041
-13.564643,-57.921796
-13.562398,-57.984656
-13.562398,-57.982411
-13.562398,-57.980166
-13.562398,-57.939756
-13.562398,-57.933021
-13.562398,-57.930776
-13.562398,-57.928531
-13.562398,-57.926286
-13.562398,-57.924041
-13.562398,-57.921796
-13.560153,-57.959961
-13.560153,-57.957716
-13.560153,-57.955471
-13.560153,-57.930776
-13.560153,-57.928531
-13.560153,-57.926286
-13.560153,-57.924041
-13.557908,-57.959961
-13.557908,-57.957716
-13.557908,-57.955471
-13.557908,-57.946491
-13.555663,-57.959961
-13.555663,-57.957716
-13.555663,-57.955471
-13.555663,-57.946491
-13.555663,-57.944246
-13.555663,-57.942001
-13.555663,-57.834241
-13.555663,-57.831996
-13.555663,-57.829751
-13.553418,-57.948736
-13.553418,-57.946491
-13.553418,-57.944246
-13.553418,-57.942001
-13.553418,-57.935266
-13.553418,-57.933021
-13.553418,-57.834241
-13.553418,-57.831996
-13.553418,-57.829751
-13.553418,-57.827506
-13.553418,-57.825261
-13.551173,-57.944246
-13.551173,-57.942001
-13.551173,-57.935266
-13.551173,-57.933021
-13.551173,-57.926286
-13.551173,-57.834241
-13.551173,-57.831996
-13.551173,-57.829751
-13.551173,-57.827506
-13.551173,-57.825261
-13.548928,-57.935266
-13.548928,-57.926286
-13.548928,-57.825261
-13.546683,-57.926286
-13.542193,-57.820771
-13.539948,-57.840976
-13.539948,-57.838731
-13.539948,-57.836486
-13.539948,-57.820771
-13.539948,-57.818526
-13.537703,-57.840976
-13.537703,-57.838731
-13.537703,-57.836486
-13.537703,-57.834241
-13.537703,-57.818526
-13.537703,-57.816281
-13.535458,-57.843221
-13.535458,-57.840976
-13.535458,-57.838731
-13.535458,-57.836486
-13.535458,-57.834241
-13.535458,-57.831996
-13.533213,-57.843221
-13.533213,-57.840976
-13.533213,-57.838731
-13.533213,-57.836486
-13.533213,-57.834241
-13.533213,-57.831996
-13.533213,-57.829751
-13.530968,-57.818526
-13.530968,-57.816281
-13.530968,-57.814036
-13.530968,-57.811791
-13.530968,-57.809546
-13.526478,-57.845466
-13.526478,-57.843221
-13.526478,-57.840976
-13.526478,-57.838731
-13.524233,-57.845466
-13.524233,-57.843221
-13.524233,-57.840976
-13.524233,-57.825261
-13.524233,-57.816281
-13.524233,-57.814036
-13.521988,-57.847711
-13.521988,-57.845466
-13.521988,-57.843221
-13.521988,-57.840976
-13.521988,-57.825261
-13.521988,-57.816281
-13.483823,-57.854446
-13.483823,-57.852201
-13.483823,-57.849956
-13.481578,-57.854446
-13.481578,-57.852201
-13.481578,-57.849956
-13.481578,-57.847711
-13.481578,-57.840976
-13.481578,-57.838731
-13.481578,-57.836486
-13.481578,-57.834241
-13.481578,-57.827506
-13.481578,-57.825261
-13.481578,-57.823016
-13.481578,-57.820771
-13.479333,-57.854446
-13.479333,-57.852201
-13.479333,-57.849956
-13.479333,-57.847711
-13.479333,-57.840976
-13.479333,-57.838731
-13.479333,-57.836486
-13.479333,-57.834241
-13.479333,-57.827506
-13.479333,-57.825261
-13.479333,-57.823016
-13.479333,-57.820771
-13.477088,-57.852201
-13.477088,-57.849956
-13.477088,-57.847711
-13.477088,-57.838731
-13.477088,-57.836486
-13.477088,-57.834241
-13.477088,-57.825261
-13.477088,-57.823016
-13.477088,-57.820771
-13.477088,-57.818526
-13.474843,-57.852201
-13.474843,-57.849956
-13.474843,-57.847711
-13.474843,-57.838731
-13.474843,-57.836486
-13.474843,-57.834241
-13.474843,-57.825261
-13.474843,-57.823016
-13.474843,-57.820771
-13.474843,-57.818526
-13.472598,-57.852201
-13.472598,-57.849956
-13.472598,-57.847711
-13.472598,-57.845466
-13.472598,-57.838731
-13.472598,-57.836486
-13.472598,-57.834241
-13.472598,-57.831996
-13.472598,-57.825261
-13.472598,-57.823016
-13.472598,-57.820771
-13.472598,-57.818526
-13.470353,-57.838731
-13.470353,-57.836486
-13.470353,-57.834241
-13.470353,-57.831996
-13.470353,-57.825261
-13.470353,-57.823016
-13.470353,-57.820771
-13.470353,-57.818526
-13.468108,-57.823016
-13.468108,-57.820771
-13.468108,-57.818526
-13.391778,-57.854446
-13.391778,-57.847711
-13.391778,-57.845466
-13.389533,-57.854446
-13.389533,-57.847711
-13.389533,-57.845466
-13.389533,-57.834241
-13.387288,-57.863426
-13.387288,-57.856691
-13.387288,-57.854446
-13.387288,-57.847711
-13.387288,-57.845466
-13.387288,-57.843221
-13.387288,-57.827506
-13.387288,-57.825261
-13.387288,-57.823016
-13.387288,-57.820771
-13.385043,-57.856691
-13.385043,-57.847711
-13.385043,-57.845466
-13.385043,-57.843221
-13.385043,-57.825261
-13.385043,-57.823016
-13.385043,-57.820771
-13.382798,-57.843221
-13.382798,-57.825261
-13.382798,-57.823016
-13.380553,-57.867916
-13.380553,-57.865671
-13.380553,-57.825261
-13.380553,-57.823016
-13.378308,-57.867916
-13.378308,-57.865671
-13.378308,-57.858936
-13.378308,-57.856691
-13.378308,-57.854446
-13.378308,-57.852201
-13.378308,-57.823016
-13.376063,-57.867916
-13.376063,-57.865671
-13.376063,-57.858936
-13.376063,-57.856691
-13.376063,-57.854446
-13.376063,-57.852201
-13.376063,-57.849956
-13.376063,-57.847711
-13.376063,-57.845466
-13.376063,-57.843221
-13.376063,-57.840976
-13.376063,-57.823016
-13.373818,-57.867916
-13.373818,-57.858936
-13.373818,-57.856691
-13.373818,-57.854446
-13.373818,-57.852201
-13.373818,-57.849956
-13.373818,-57.847711
-13.373818,-57.845466
-13.373818,-57.843221
-13.373818,-57.840976
-13.373818,-57.829751
-13.371573,-57.867916
-13.371573,-57.858936
-13.371573,-57.856691
-13.371573,-57.854446
-13.371573,-57.852201
-13.371573,-57.849956
-13.371573,-57.847711
-13.371573,-57.845466
-13.371573,-57.843221
-13.371573,-57.840976
-13.371573,-57.829751
-13.369328,-57.867916
-13.369328,-57.861181
-13.369328,-57.858936
-13.369328,-57.856691
-13.369328,-57.854446
-13.369328,-57.852201
-13.369328,-57.847711
-13.369328,-57.845466
-13.369328,-57.843221
-13.369328,-57.840976
-13.369328,-57.831996
-13.369328,-57.829751
-13.369328,-57.827506
-13.367083,-57.861181
-13.367083,-57.858936
-13.367083,-57.856691
-13.367083,-57.845466
-13.367083,-57.843221
-13.367083,-57.840976
-13.367083,-57.834241
-13.367083,-57.831996
-13.367083,-57.829751
-13.367083,-57.827506
-13.364838,-57.845466
-13.364838,-57.843221
-13.364838,-57.840976
-13.364838,-57.834241
-13.364838,-57.831996
-13.364838,-57.829751
-13.364838,-57.827506
-13.362593,-57.843221
-13.362593,-57.840976
-13.362593,-57.834241
-13.362593,-57.831996
-13.362593,-57.829751
-13.362593,-57.827506
-13.360348,-57.834241
-13.360348,-57.831996
-13.360348,-57.829751
-13.277283,-58.031801
-13.277283,-58.029556
-13.277283,-58.027311
-13.277283,-58.025066
-13.277283,-58.016086
-13.277283,-58.013841
-13.275038,-58.029556
-13.275038,-58.027311
-13.275038,-58.025066
-13.275038,-58.022821
-13.275038,-58.013841
-13.275038,-58.011596
-13.272793,-58.025066
-13.272793,-58.022821
-13.272793,-58.020576
-13.272793,-58.011596
-13.270548,-58.020576
-13.270548,-58.018331
-13.270548,-58.009351
-13.263813,-58.016086
-13.263813,-58.013841
-13.263813,-57.995881
-13.261568,-58.016086
-13.261568,-58.013841
-13.261568,-58.004861
-13.261568,-57.995881
-13.259323,-58.013841
-13.259323,-58.011596
-13.259323,-58.002616
-13.259323,-57.993636
-13.257078,-57.993636
-13.133603,-58.000371
-13.133603,-57.998126
-13.133603,-57.995881
-13.133603,-57.993636
-13.133603,-57.991391
-13.131358,-58.000371
-13.131358,-57.998126
-13.131358,-57.995881
-13.131358,-57.993636
-13.131358,-57.991391
-13.129113,-58.002616
-13.129113,-58.000371
-13.129113,-57.998126
-13.129113,-57.995881
-13.129113,-57.982411
-13.129113,-57.980166
-13.126868,-58.002616
-13.126868,-58.000371
-13.126868,-57.998126
-13.126868,-57.995881
-13.126868,-57.980166
-13.126868,-57.977921
-13.126868,-57.975676
-13.126868,-57.973431
-13.124623,-58.002616
-13.124623,-58.000371
-13.124623,-57.998126
-13.124623,-57.975676
-13.124623,-57.973431
-13.124623,-57.971186
-13.122378,-57.989146
-13.122378,-57.986901
-13.122378,-57.962206
-13.120133,-57.989146
-13.120133,-57.986901
-13.120133,-57.984656
-13.117888,-57.977921
-13.117888,-57.975676
-13.117888,-57.973431
-13.115643,-57.975676
-13.115643,-57.973431
-13.115643,-57.971186
-13.115643,-57.968941
-13.115643,-57.966696
-13.113398,-57.968941
-13.113398,-57.957716
-13.111153,-57.959961
-13.111153,-57.957716
-13.052783,-55.955176
-13.052783,-55.952931
-13.050538,-55.955176
-13.050538,-55.952931
-13.050538,-55.950686
-13.048293,-55.952931
-13.048293,-55.950686
-13.048293,-55.948441
-13.046048,-55.952931
-13.046048,-55.950686
-13.046048,-55.948441
-13.046048,-55.946196
-13.046048,-55.943951
-13.043803,-56.089876
-13.043803,-55.950686
-13.043803,-55.948441
-13.043803,-55.946196
-13.043803,-55.943951
-13.043803,-55.941706
-13.041558,-56.092121
-13.041558,-56.089876
-13.041558,-55.948441
-13.041558,-55.946196
-13.041558,-55.943951
-13.041558,-55.941706
-13.041558,-55.939461
-13.039313,-56.092121
-13.039313,-55.943951
-13.037068,-56.080896
-13.034823,-56.078651
-13.034823,-56.076406
-13.032578,-56.076406
-13.032578,-56.074161
-13.030333,-56.074161
-13.030333,-56.071916
-13.030333,-56.069671
-13.030333,-55.946196
-13.028088,-56.071916
-13.028088,-56.069671
-13.028088,-56.067426
-13.028088,-55.946196
-13.025843,-56.067426
-13.025843,-56.065181
-13.025843,-56.062936
-13.023598,-56.067426
-13.023598,-56.065181
-13.023598,-56.062936
-13.023598,-56.060691
-13.021353,-56.089876
-13.021353,-56.058446
-13.019108,-56.089876
-13.019108,-56.087631
-13.019108,-56.085386
-13.019108,-56.058446
-13.019108,-56.056201
-13.019108,-56.053956
-13.016863,-56.058446
-13.016863,-56.056201
-13.016863,-56.053956
-13.016863,-56.051711
-13.014618,-56.078651
-13.014618,-56.076406
-13.014618,-56.062936
-13.014618,-56.060691
-13.014618,-56.058446
-13.014618,-56.056201
-13.014618,-56.053956
-13.014618,-56.051711
-13.014618,-56.049466
-13.014618,-56.047221
-13.012373,-56.078651
-13.012373,-56.076406
-13.012373,-56.074161
-13.012373,-56.071916
-13.012373,-56.069671
-13.012373,-56.065181
-13.012373,-56.062936
-13.012373,-56.060691
-13.012373,-56.058446
-13.012373,-56.056201
-13.012373,-56.053956
-13.012373,-56.051711
-13.012373,-56.049466
-13.012373,-56.047221
-13.012373,-56.044976
-13.012373,-55.961911
-13.012373,-55.959666
-13.010128,-56.078651
-13.010128,-56.076406
-13.010128,-56.074161
-13.010128,-56.071916
-13.010128,-56.069671
-13.010128,-56.067426
-13.010128,-56.065181
-13.010128,-56.062936
-13.010128,-56.060691
-13.010128,-56.058446
-13.010128,-56.056201
-13.010128,-56.053956
-13.010128,-56.051711
-13.010128,-56.049466
-13.010128,-56.047221
-13.010128,-56.044976
-13.010128,-56.042731
-13.010128,-55.964156
-13.010128,-55.961911
-13.010128,-55.959666
-13.010128,-55.957421
-13.007883,-56.087631
-13.007883,-56.078651
-13.007883,-56.076406
-13.007883,-56.074161
-13.007883,-56.071916
-13.007883,-56.069671
-13.007883,-56.067426
-13.007883,-56.065181
-13.007883,-56.062936
-13.007883,-56.060691
-13.007883,-56.058446
-13.007883,-56.056201
-13.007883,-56.053956
-13.007883,-56.051711
-13.007883,-56.049466
-13.007883,-56.047221
-13.007883,-55.961911
-13.007883,-55.959666
-13.007883,-55.957421
-13.005638,-56.089876
-13.005638,-56.087631
-13.005638,-56.078651
-13.005638,-56.076406
-13.005638,-56.074161
-13.005638,-56.071916
-13.005638,-56.069671
-13.005638,-56.067426
-13.005638,-56.065181
-13.005638,-56.062936
-13.005638,-56.060691
-13.005638,-56.058446
-13.005638,-56.056201
-13.005638,-56.053956
-13.005638,-56.051711
-13.003393,-56.089876
-13.003393,-56.087631
-13.003393,-56.078651
-13.003393,-56.065181
-13.003393,-56.062936
-13.003393,-56.060691
-13.003393,-56.058446
-13.003393,-56.056201
-13.003393,-56.053956
-13.001148,-56.089876
-13.001148,-56.087631
-13.001148,-56.062936
-13.001148,-56.060691
-13.001148,-56.058446
-12.998903,-56.089876
-12.998903,-56.087631
-12.998903,-56.080896
-12.998903,-56.062936
-12.996658,-56.092121
-12.996658,-56.089876
-12.996658,-56.087631
-12.996658,-56.080896
-12.994413,-56.080896
-12.994413,-55.977626
-12.992168,-56.080896
-12.992168,-56.078651
-12.992168,-55.979871
-12.992168,-55.977626
-12.992168,-55.975381
-12.989923,-56.157226
-12.989923,-56.154981
-12.989923,-56.152736
-12.989923,-56.080896
-12.989923,-56.078651
-12.989923,-56.076406
-12.989923,-55.982116
-12.989923,-55.979871
-12.989923,-55.977626
-12.989923,-55.975381
-12.987678,-56.163961
-12.987678,-56.161716
-12.987678,-56.159471
-12.987678,-56.157226
-12.987678,-56.154981
-12.987678,-56.152736
-12.987678,-56.150491
-12.987678,-56.078651
-12.987678,-56.076406
-12.987678,-55.982116
-12.987678,-55.979871
-12.987678,-55.977626
-12.987678,-55.975381
-12.987678,-55.973136
-12.985433,-56.163961
-12.985433,-56.161716
-12.985433,-56.159471
-12.985433,-56.157226
-12.985433,-56.154981
-12.985433,-56.152736
-12.985433,-56.150491
-12.985433,-56.148246
-12.985433,-55.984361
-12.985433,-55.982116
-12.985433,-55.979871
-12.985433,-55.977626
-12.985433,-55.970891
-12.983188,-56.163961
-12.983188,-56.161716
-12.983188,-56.159471
-12.983188,-56.157226
-12.983188,-56.154981
-12.983188,-56.152736
-12.983188,-56.150491
-12.983188,-56.148246
-12.983188,-56.146001
-12.983188,-55.986606
-12.983188,-55.984361
-12.983188,-55.982116
-12.983188,-55.979871
-12.980943,-56.163961
-12.980943,-56.161716
-12.980943,-56.159471
-12.980943,-56.157226
-12.980943,-56.154981
-12.980943,-56.152736
-12.980943,-56.150491
-12.980943,-56.148246
-12.980943,-55.986606
-12.980943,-55.984361
-12.980943,-55.982116
-12.980943,-55.964156
-12.978698,-56.166206
-12.978698,-56.163961
-12.978698,-56.161716
-12.978698,-56.159471
-12.978698,-56.157226
-12.978698,-56.154981
-12.978698,-56.152736
-12.978698,-56.150491
-12.978698,-56.148246
-12.978698,-56.134776
-12.978698,-56.132531
-12.978698,-55.984361
-12.978698,-55.982116
-12.978698,-55.966401
-12.978698,-55.964156
-12.976453,-56.166206
-12.976453,-56.163961
-12.976453,-56.161716
-12.976453,-56.159471
-12.976453,-56.157226
-12.976453,-56.154981
-12.976453,-56.152736
-12.976453,-56.150491
-12.976453,-56.148246
-12.976453,-56.137021
-12.976453,-56.134776
-12.976453,-56.132531
-12.976453,-56.130286
-12.976453,-55.966401
-12.976453,-55.964156
-12.976453,-55.961911
-12.976453,-55.959666
-12.974208,-56.166206
-12.974208,-56.163961
-12.974208,-56.161716
-12.974208,-56.159471
-12.974208,-56.157226
-12.974208,-56.154981
-12.974208,-56.152736
-12.974208,-56.150491
-12.974208,-56.148246
-12.974208,-56.146001
-12.974208,-56.143756
-12.974208,-56.141511
-12.974208,-56.139266
-12.974208,-56.137021
-12.974208,-56.134776
-12.974208,-56.132531
-12.974208,-55.968646
-12.974208,-55.966401
-12.974208,-55.964156
-12.974208,-55.961911
-12.974208,-55.959666
-12.974208,-55.957421
-12.971963,-56.166206
-12.971963,-56.163961
-12.971963,-56.161716
-12.971963,-56.159471
-12.971963,-56.157226
-12.971963,-56.154981
-12.971963,-56.152736
-12.971963,-56.150491
-12.971963,-56.148246
-12.971963,-56.146001
-12.971963,-56.143756
-12.971963,-56.141511
-12.971963,-56.139266
-12.971963,-56.137021
-12.971963,-56.134776
-12.971963,-55.968646
-12.971963,-55.966401
-12.971963,-55.964156
-12.971963,-55.961911
-12.971963,-55.959666
-12.971963,-55.957421
-12.971963,-55.955176
-12.969718,-56.166206
-12.969718,-56.163961
-12.969718,-56.161716
-12.969718,-56.159471
-12.969718,-56.157226
-12.969718,-56.154981
-12.969718,-56.152736
-12.969718,-56.150491
-12.969718,-56.148246
-12.969718,-56.146001
-12.969718,-56.143756
-12.969718,-56.141511
-12.969718,-56.139266
-12.969718,-56.137021
-12.969718,-55.970891
-12.969718,-55.968646
-12.969718,-55.966401
-12.969718,-55.964156
-12.969718,-55.961911
-12.969718,-55.959666
-12.969718,-55.957421
-12.969718,-55.955176
-12.969718,-55.952931
-12.967473,-56.163961
-12.967473,-56.161716
-12.967473,-56.159471
-12.967473,-56.157226
-12.967473,-56.154981
-12.967473,-56.152736
-12.967473,-56.150491
-12.967473,-56.148246
-12.967473,-56.146001
-12.967473,-56.143756
-12.967473,-56.141511
-12.967473,-56.139266
-12.967473,-56.137021
-12.967473,-55.970891
-12.967473,-55.968646
-12.967473,-55.966401
-12.967473,-55.964156
-12.967473,-55.961911
-12.967473,-55.959666
-12.967473,-55.957421
-12.967473,-55.955176
-12.967473,-55.952931
-12.965228,-56.163961
-12.965228,-56.161716
-12.965228,-56.159471
-12.965228,-56.157226
-12.965228,-56.154981
-12.965228,-56.152736
-12.965228,-56.150491
-12.965228,-56.148246
-12.965228,-56.146001
-12.965228,-56.143756
-12.965228,-56.141511
-12.965228,-56.139266
-12.965228,-56.137021
-12.965228,-55.970891
-12.965228,-55.968646
-12.965228,-55.966401
-12.965228,-55.964156
-12.965228,-55.961911
-12.965228,-55.959666
-12.965228,-55.957421
-12.965228,-55.955176
-12.965228,-55.952931
-12.965228,-55.950686
-12.962983,-56.166206
-12.962983,-56.163961
-12.962983,-56.161716
-12.962983,-56.159471
-12.962983,-56.154981
-12.962983,-56.152736
-12.962983,-56.150491
-12.962983,-56.148246
-12.962983,-56.146001
-12.962983,-56.143756
-12.962983,-56.141511
-12.962983,-56.139266
-12.962983,-56.137021
-12.962983,-55.973136
-12.962983,-55.970891
-12.962983,-55.968646
-12.962983,-55.966401
-12.962983,-55.964156
-12.962983,-55.961911
-12.962983,-55.959666
-12.962983,-55.957421
-12.962983,-55.955176
-12.962983,-55.952931
-12.960738,-56.166206
-12.960738,-56.163961
-12.960738,-56.161716
-12.960738,-56.150491
-12.960738,-56.148246
-12.960738,-56.146001
-12.960738,-56.143756
-12.960738,-56.141511
-12.960738,-56.139266
-12.960738,-56.137021
-12.960738,-55.966401
-12.960738,-55.964156
-12.960738,-55.961911
-12.960738,-55.959666
-12.958493,-56.150491
-12.958493,-56.148246
-12.958493,-56.146001
-12.958493,-56.143756
-12.958493,-56.141511
-12.958493,-56.139266
-12.958493,-56.137021
-12.958493,-56.134776
-12.958493,-55.975381
-12.958493,-55.961911
-12.956248,-56.150491
-12.956248,-56.148246
-12.956248,-56.146001
-12.956248,-56.143756
-12.956248,-56.141511
-12.956248,-56.139266
-12.956248,-56.137021
-12.956248,-55.975381
-12.954003,-56.154981
-12.954003,-56.152736
-12.954003,-56.150491
-12.954003,-56.148246
-12.954003,-56.146001
-12.954003,-56.143756
-12.954003,-56.141511
-12.954003,-56.139266
-12.954003,-55.970891
-12.951758,-56.143756
-12.951758,-56.141511
-12.949513,-56.168451
-12.949513,-56.166206
-12.949513,-56.163961
-12.947268,-56.168451
-12.947268,-56.166206
-12.947268,-56.163961
-12.947268,-56.161716
-12.947268,-56.159471
-12.947268,-56.157226
-12.947268,-56.154981
-12.945023,-56.166206
-12.945023,-56.163961
-12.945023,-56.159471
-12.945023,-56.154981
-12.945023,-56.152736
-12.945023,-56.161716
-12.945023,-56.157226
-12.945023,-56.150491
-12.942778,-56.166206
-12.942778,-56.163961
-12.942778,-56.161716
-12.942778,-56.159471
-12.942778,-56.157226
-12.942778,-56.154981
-12.942778,-56.152736
-12.942778,-56.150491
-12.940533,-56.163961
-12.940533,-56.161716
-12.940533,-56.159471
-12.940533,-56.157226
-12.940533,-56.154981
-12.940533,-56.152736
-12.940533,-56.150491
-12.938288,-56.161716
-12.938288,-56.159471
-12.938288,-56.157226
-12.938288,-56.154981
-12.938288,-56.152736
-12.938288,-56.150491
-12.938288,-56.143756
-12.938288,-56.096611
-12.938288,-56.094366
-12.938288,-56.092121
-12.936043,-56.161716
-12.936043,-56.159471
-12.936043,-56.157226
-12.936043,-56.154981
-12.936043,-56.152736
-12.936043,-56.143756
-12.936043,-56.092121
-12.933798,-56.161716
-12.933798,-56.159471
-12.933798,-56.157226
-12.933798,-56.154981
-12.933798,-56.152736
-12.933798,-56.143756
-12.933798,-56.141511
-12.933798,-56.139266
-12.933798,-56.107836
-12.933798,-56.105591
-12.931553,-56.157226
-12.931553,-56.154981
-12.931553,-56.152736
-12.931553,-56.146001
-12.931553,-56.143756
-12.931553,-56.141511
-12.931553,-56.139266
-12.931553,-56.137021
-12.931553,-56.110081
-12.931553,-56.107836
-12.931553,-56.105591
-12.931553,-56.098856
-12.929308,-56.146001
-12.929308,-56.143756
-12.929308,-56.141511
-12.929308,-56.139266
-12.929308,-56.137021
-12.929308,-56.134776
-12.929308,-56.112326
-12.929308,-56.110081
-12.929308,-56.107836
-12.929308,-56.105591
-12.929308,-56.098856
-12.929308,-56.092121
-12.927063,-56.161716
-12.927063,-56.146001
-12.927063,-56.143756
-12.927063,-56.141511
-12.927063,-56.139266
-12.927063,-56.137021
-12.927063,-56.134776
-12.927063,-56.132531
-12.927063,-56.107836
-12.927063,-56.105591
-12.927063,-56.098856
-12.927063,-56.092121
-12.927063,-56.085386
-12.924818,-56.163961
-12.924818,-56.161716
-12.924818,-56.159471
-12.924818,-56.157226
-12.924818,-56.146001
-12.924818,-56.143756
-12.924818,-56.141511
-12.924818,-56.139266
-12.924818,-56.137021
-12.924818,-56.098856
-12.924818,-56.085386
-12.924818,-56.083141
-12.924818,-56.080896
-12.924818,-56.078651
-12.924818,-56.076406
-12.924818,-56.074161
-12.922573,-56.163961
-12.922573,-56.161716
-12.922573,-56.159471
-12.922573,-56.157226
-12.922573,-56.154981
-12.922573,-56.146001
-12.922573,-56.143756
-12.922573,-56.141511
-12.922573,-56.139266
-12.922573,-56.085386
-12.922573,-56.083141
-12.922573,-56.080896
-12.922573,-56.078651
-12.922573,-56.076406
-12.922573,-56.074161
-12.922573,-56.071916
-12.922573,-56.069671
-12.920328,-56.166206
-12.920328,-56.163961
-12.920328,-56.161716
-12.920328,-56.159471
-12.920328,-56.157226
-12.920328,-56.154981
-12.920328,-56.148246
-12.920328,-56.146001
-12.920328,-56.143756
-12.920328,-56.141511
-12.920328,-56.139266
-12.920328,-56.107836
-12.920328,-56.105591
-12.920328,-56.085386
-12.920328,-56.083141
-12.918083,-56.163961
-12.918083,-56.161716
-12.918083,-56.159471
-12.918083,-56.157226
-12.918083,-56.148246
-12.918083,-56.146001
-12.918083,-56.143756
-12.918083,-56.141511
-12.918083,-56.130286
-12.918083,-56.110081
-12.918083,-56.107836
-12.915838,-56.163961
-12.915838,-56.161716
-12.915838,-56.159471
-12.915838,-56.157226
-12.915838,-56.148246
-12.915838,-56.146001
-12.915838,-56.143756
-12.915838,-56.141511
-12.915838,-56.139266
-12.915838,-56.134776
-12.915838,-56.132531
-12.915838,-56.130286
-12.915838,-56.110081
-12.915838,-56.107836
-12.915838,-56.098856
-12.915838,-56.096611
-12.915838,-56.094366
-12.913593,-56.161716
-12.913593,-56.159471
-12.913593,-56.157226
-12.913593,-56.141511
-12.913593,-56.139266
-12.913593,-56.137021
-12.913593,-56.134776
-12.913593,-56.132531
-12.913593,-56.130286
-12.913593,-56.110081
-12.913593,-56.107836
-12.913593,-56.101101
-12.913593,-56.098856
-12.913593,-56.096611
-12.911348,-56.157226
-12.911348,-56.134776
-12.911348,-56.132531
-12.911348,-56.130286
-12.911348,-56.112326
-12.911348,-56.110081
-12.911348,-56.101101
-12.911348,-56.098856
-12.909103,-56.148246
-12.909103,-56.146001
-12.909103,-56.103346
-12.909103,-56.101101
-12.906858,-56.150491
-12.906858,-56.148246
-12.906858,-56.146001
-12.906858,-56.143756
-12.906858,-56.141511
-12.906858,-56.139266
-12.904613,-56.157226
-12.904613,-56.150491
-12.904613,-56.148246
-12.904613,-56.146001
-12.904613,-56.143756
-12.904613,-56.141511
-12.904613,-56.139266
-12.904613,-56.137021
-12.902368,-56.148246
-12.902368,-56.146001
-12.902368,-56.143756
-12.902368,-56.141511
-12.902368,-56.139266
-12.900123,-56.154981
-12.900123,-56.148246
-12.900123,-56.146001
-12.900123,-56.143756
-12.900123,-56.141511
-12.897878,-56.146001
-12.897878,-56.143756
-12.826038,-56.029261
-12.823793,-56.029261
-12.823793,-56.027016
-12.821548,-56.031506
-12.821548,-56.029261
-12.819303,-56.031506
-12.819303,-56.029261
-12.817058,-56.031506
-12.817058,-56.029261
-12.814813,-56.031506
-12.808078,-56.035996
-12.808078,-56.033751
-12.805833,-56.040486
-12.805833,-56.038241
-12.805833,-56.035996
-12.805833,-56.033751
-12.805833,-56.031506
-12.803588,-56.044976
-12.803588,-56.042731
-12.803588,-56.040486
-12.803588,-56.038241
-12.803588,-56.035996
-12.803588,-56.033751
-12.803588,-56.031506
-12.803588,-56.029261
-12.801343,-56.049466
-12.801343,-56.047221
-12.801343,-56.044976
-12.801343,-56.042731
-12.801343,-56.040486
-12.801343,-56.038241
-12.801343,-56.035996
-12.801343,-56.033751
-12.801343,-56.031506
-12.801343,-56.029261
-12.801343,-56.027016
-12.799098,-56.053956
-12.799098,-56.051711
-12.799098,-56.049466
-12.799098,-56.047221
-12.799098,-56.044976
-12.799098,-56.042731
-12.799098,-56.040486
-12.799098,-56.038241
-12.799098,-56.035996
-12.799098,-56.033751
-12.799098,-56.031506
-12.799098,-56.029261
-12.799098,-56.027016
-12.799098,-56.024771
-12.796853,-56.058446
-12.796853,-56.056201
-12.796853,-56.053956
-12.796853,-56.051711
-12.796853,-56.049466
-12.796853,-56.047221
-12.796853,-56.044976
-12.796853,-56.042731
-12.796853,-56.040486
-12.796853,-56.038241
-12.796853,-56.035996
-12.796853,-56.033751
-12.796853,-56.031506
-12.796853,-56.029261
-12.796853,-56.027016
-12.796853,-56.024771
-12.794608,-56.056201
-12.794608,-56.053956
-12.794608,-56.051711
-12.794608,-56.049466
-12.794608,-56.047221
-12.794608,-56.044976
-12.794608,-56.033751
-12.794608,-56.031506
-12.794608,-56.029261
-12.794608,-56.027016
-12.794608,-56.024771
-12.794608,-56.022526
-12.792363,-56.053956
-12.792363,-56.051711
-12.792363,-56.049466
-12.792363,-56.047221
-12.792363,-56.031506
-12.792363,-56.029261
-12.792363,-56.027016
-12.792363,-56.024771
-12.792363,-56.022526
-12.792363,-56.020281
-12.790118,-56.051711
-12.790118,-56.049466
-12.790118,-56.031506
-12.790118,-56.029261
-12.790118,-56.027016
-12.790118,-56.024771
-12.790118,-56.022526
-12.790118,-56.020281
-12.787873,-56.029261
-12.787873,-56.027016
-12.787873,-56.024771
-12.787873,-56.022526
-12.787873,-56.020281
-12.787873,-56.018036
-12.785628,-56.027016
-12.785628,-56.024771
-12.785628,-56.022526
-12.785628,-56.020281
-12.785628,-56.018036
-12.783383,-56.076406
-12.783383,-56.024771
-12.783383,-56.022526
-12.783383,-56.020281
-12.783383,-56.018036
-12.781138,-56.087631
-12.781138,-56.085386
-12.781138,-56.083141
-12.781138,-56.080896
-12.781138,-56.078651
-12.781138,-56.022526
-12.781138,-56.020281
-12.781138,-56.018036
-12.778893,-56.094366
-12.778893,-56.085386
-12.778893,-56.098856
-12.778893,-56.096611
-12.778893,-56.092121
-12.778893,-56.089876
-12.778893,-56.087631
-12.776648,-56.103346
-12.776648,-56.101101
-12.776648,-56.098856
-12.776648,-56.096611
-12.776648,-56.094366
-12.774403,-56.103346
-12.774403,-56.101101
-12.731748,-55.465766
-12.729503,-55.468011
-12.729503,-55.465766
-12.729503,-55.463521
-12.727258,-55.465766
-12.727258,-55.463521
-12.727258,-55.461276
-12.725013,-55.465766
-12.725013,-55.463521
-12.725013,-55.461276
-12.722768,-55.465766
-12.722768,-55.463521
-12.722768,-55.454541
-12.720523,-55.454541
-12.720523,-55.452296
-12.718278,-55.456786
-12.718278,-55.454541
-12.718278,-55.452296
-12.716033,-55.459031
-12.716033,-55.456786
-12.716033,-55.454541
-12.713788,-55.461276
-12.713788,-55.459031
-12.713788,-55.456786
-12.711543,-55.459031
-12.707053,-55.468011
-12.707053,-55.465766
-12.704808,-55.470256
-12.704808,-55.468011
-12.704808,-55.465766
-12.702563,-55.472501
-12.702563,-55.470256
-12.702563,-55.468011
-12.700318,-55.474746
-12.700318,-55.472501
-12.700318,-55.470256
-12.700318,-55.468011
-12.698073,-55.470256
-12.552148,-55.959666
-12.552148,-55.957421
-12.549903,-55.959666
-12.549903,-55.957421
-12.549903,-55.955176
-12.547658,-55.959666
-12.547658,-55.957421
-12.547658,-55.955176
-12.545413,-55.941706
-12.545413,-55.939461
-12.545413,-55.937216
-12.545413,-55.934971
-12.543168,-55.941706
-12.543168,-55.939461
-12.543168,-55.937216
-12.543168,-55.934971
-12.540923,-55.941706
-12.540923,-55.939461
-12.540923,-55.937216
-12.536433,-55.957421
-12.527453,-55.955176
-12.527453,-55.952931
-12.527453,-55.950686
-12.527453,-55.196366
-12.527453,-55.194121
-12.527453,-55.191876
-12.527453,-55.189631
-12.525208,-55.955176
-12.525208,-55.952931
-12.525208,-55.950686
-12.525208,-55.196366
-12.525208,-55.194121
-12.525208,-55.191876
-12.525208,-55.189631
-12.525208,-55.187386
-12.525208,-55.185141
-12.525208,-55.182896
-12.525208,-55.180651
-12.525208,-55.178406
-12.525208,-55.176161
-12.522963,-55.955176
-12.522963,-55.952931
-12.522963,-55.950686
-12.522963,-55.198611
-12.522963,-55.196366
-12.522963,-55.194121
-12.522963,-55.191876
-12.522963,-55.189631
-12.522963,-55.187386
-12.522963,-55.185141
-12.522963,-55.182896
-12.522963,-55.180651
-12.522963,-55.178406
-12.520718,-55.198611
-12.520718,-55.196366
-12.520718,-55.194121
-12.520718,-55.191876
-12.520718,-55.189631
-12.520718,-55.187386
-12.520718,-55.185141
-12.520718,-55.182896
-12.520718,-55.180651
-12.518473,-55.943951
-12.518473,-55.941706
-12.518473,-55.939461
-12.518473,-55.198611
-12.518473,-55.196366
-12.518473,-55.194121
-12.518473,-55.191876
-12.518473,-55.189631
-12.518473,-55.187386
-12.518473,-55.185141
-12.518473,-55.182896
-12.518473,-55.180651
-12.516228,-55.943951
-12.516228,-55.941706
-12.516228,-55.939461
-12.516228,-55.198611
-12.516228,-55.196366
-12.516228,-55.194121
-12.516228,-55.191876
-12.516228,-55.189631
-12.516228,-55.187386
-12.516228,-55.185141
-12.516228,-55.182896
-12.513983,-55.943951
-12.513983,-55.941706
-12.513983,-55.939461
-12.513983,-55.198611
-12.513983,-55.196366
-12.513983,-55.194121
-12.513983,-55.191876
-12.513983,-55.189631
-12.513983,-55.187386
-12.513983,-55.185141
-12.513983,-55.182896
-12.511738,-55.185141
-12.511738,-55.182896
-12.505003,-55.239021
-12.502758,-55.241266
-12.502758,-55.239021
-12.502758,-55.218816
-12.502758,-55.216571
-12.500513,-55.243511
-12.500513,-55.241266
-12.500513,-55.223306
-12.500513,-55.221061
-12.500513,-55.218816
-12.500513,-55.216571
-12.498268,-55.225551
-12.498268,-55.223306
-12.498268,-55.221061
-12.498268,-55.218816
-12.498268,-55.216571
-12.498268,-55.209836
-12.498268,-55.207591
-12.498268,-55.205346
-12.498268,-55.203101
-12.498268,-55.200856
-12.496023,-55.250246
-12.496023,-55.225551
-12.496023,-55.223306
-12.496023,-55.221061
-12.496023,-55.218816
-12.496023,-55.216571
-12.496023,-55.209836
-12.496023,-55.207591
-12.496023,-55.205346
-12.496023,-55.203101
-12.496023,-55.200856
-12.496023,-55.198611
-12.496023,-55.196366
-12.496023,-55.194121
-12.496023,-55.191876
-12.496023,-55.189631
-12.493778,-55.223306
-12.493778,-55.221061
-12.493778,-55.218816
-12.493778,-55.216571
-12.493778,-55.209836
-12.493778,-55.207591
-12.493778,-55.205346
-12.493778,-55.203101
-12.493778,-55.200856
-12.493778,-55.198611
-12.493778,-55.196366
-12.493778,-55.194121
-12.493778,-55.191876
-12.493778,-55.189631
-12.491533,-55.223306
-12.491533,-55.221061
-12.491533,-55.218816
-12.491533,-55.216571
-12.491533,-55.209836
-12.491533,-55.207591
-12.491533,-55.205346
-12.491533,-55.203101
-12.491533,-55.200856
-12.491533,-55.198611
-12.491533,-55.196366
-12.491533,-55.194121
-12.491533,-55.191876
-12.491533,-55.189631
-12.489288,-55.234531
-12.489288,-55.232286
-12.489288,-55.223306
-12.489288,-55.221061
-12.489288,-55.218816
-12.489288,-55.216571
-12.489288,-55.209836
-12.489288,-55.207591
-12.489288,-55.205346
-12.489288,-55.203101
-12.489288,-55.200856
-12.489288,-55.198611
-12.489288,-55.196366
-12.489288,-55.194121
-12.489288,-55.191876
-12.489288,-55.189631
-12.487043,-55.243511
-12.487043,-55.234531
-12.487043,-55.232286
-12.487043,-55.230041
-12.487043,-55.223306
-12.487043,-55.221061
-12.487043,-55.218816
-12.487043,-55.216571
-12.487043,-55.209836
-12.487043,-55.207591
-12.487043,-55.205346
-12.487043,-55.203101
-12.487043,-55.200856
-12.487043,-55.198611
-12.487043,-55.196366
-12.487043,-55.194121
-12.487043,-55.191876
-12.487043,-55.189631
-12.484798,-55.243511
-12.484798,-55.234531
-12.484798,-55.232286
-12.484798,-55.230041
-12.484798,-55.221061
-12.484798,-55.218816
-12.484798,-55.216571
-12.482553,-55.243511
-12.482553,-55.234531
-12.482553,-55.232286
-12.482553,-55.230041
-12.482553,-55.221061
-12.482553,-55.218816
-12.480308,-55.245756
-12.480308,-55.243511
-12.480308,-55.236776
-12.480308,-55.234531
-12.480308,-55.232286
-12.480308,-55.230041
-12.480308,-55.227796
-12.478063,-55.245756
-12.478063,-55.243511
-12.478063,-55.236776
-12.478063,-55.234531
-12.478063,-55.232286
-12.478063,-55.230041
-12.478063,-55.227796
-12.475818,-55.245756
-12.475818,-55.236776
-12.475818,-55.234531
-12.475818,-55.232286
-12.475818,-55.230041
-12.473573,-55.245756
-12.473573,-55.236776
-12.473573,-55.234531
-12.473573,-55.232286
-12.471328,-55.245756
-12.471328,-55.236776
-12.469083,-55.245756
-12.466838,-55.248001
-12.466838,-55.245756
-12.464593,-55.248001
-12.444388,-55.252491
-12.442143,-55.252491
-12.439898,-55.261471
-12.439898,-55.259226
-12.439898,-55.256981
-12.439898,-55.254736
-12.439898,-55.252491
-12.439898,-55.250246
-12.437653,-55.252491
-12.392753,-55.905786
-12.392753,-55.903541
-12.392753,-55.901296
-12.392753,-55.899051
-12.390508,-55.905786
-12.390508,-55.903541
-12.390508,-55.901296
-12.390508,-55.899051
-12.388263,-55.905786
-12.388263,-55.903541
-12.388263,-55.901296
-12.388263,-55.899051
-12.388263,-55.885581
-12.388263,-55.883336
-12.388263,-55.881091
-12.388263,-55.878846
-12.386018,-55.905786
-12.386018,-55.903541
-12.386018,-55.901296
-12.386018,-55.885581
-12.386018,-55.883336
-12.386018,-55.881091
-12.386018,-55.878846
-12.386018,-55.876601
-12.386018,-55.874356
-12.386018,-55.872111
-12.386018,-55.869866
-12.383773,-55.905786
-12.383773,-55.903541
-12.383773,-55.901296
-12.383773,-55.885581
-12.383773,-55.883336
-12.383773,-55.881091
-12.383773,-55.878846
-12.383773,-55.876601
-12.383773,-55.874356
-12.383773,-55.872111
-12.383773,-55.869866
-12.381528,-55.905786
-12.381528,-55.903541
-12.381528,-55.901296
-12.381528,-55.885581
-12.381528,-55.883336
-12.381528,-55.881091
-12.381528,-55.878846
-12.381528,-55.876601
-12.381528,-55.874356
-12.381528,-55.872111
-12.381528,-55.869866
-12.381528,-55.851906
-12.379283,-55.883336
-12.379283,-55.881091
-12.379283,-55.878846
-12.379283,-55.876601
-12.379283,-55.874356
-12.379283,-55.872111
-12.379283,-55.854151
-12.379283,-55.851906
-12.379283,-55.849661
-12.377038,-55.883336
-12.377038,-55.881091
-12.377038,-55.878846
-12.377038,-55.876601
-12.377038,-55.874356
-12.377038,-55.854151
-12.377038,-55.851906
-12.374793,-55.890071
-12.374793,-55.881091
-12.374793,-55.878846
-12.374793,-55.876601
-12.374793,-55.874356
-12.374793,-55.856396
-12.374793,-55.854151
-12.374793,-55.851906
-12.372548,-55.887826
-12.372548,-55.874356
-12.372548,-55.872111
-12.372548,-55.856396
-12.372548,-55.854151
-12.370303,-55.887826
-12.370303,-55.885581
-12.370303,-55.858641
-12.370303,-55.856396
-12.368058,-55.883336
-12.368058,-55.881091
-12.368058,-55.858641
-12.368058,-55.856396
-12.365813,-55.860886
-12.365813,-55.858641
-12.363568,-55.863131
-12.363568,-55.860886
-12.363568,-55.858641
-12.361323,-55.851906
-12.053758,-55.533116
-12.053758,-55.530871
-12.053758,-55.528626
-12.053758,-55.526381
-12.051513,-55.533116
-12.051513,-55.530871
-12.051513,-55.528626
-12.051513,-55.526381
-12.049268,-55.533116
-12.049268,-55.530871
-12.049268,-55.528626
-12.049268,-55.526381
-12.047023,-55.533116
-12.047023,-55.530871
-12.047023,-55.528626
-12.044778,-55.533116
-12.044778,-55.530871
-12.044778,-55.528626
-12.042533,-55.993341
-12.042533,-55.977626
-12.042533,-55.968646
-12.042533,-55.966401
-12.042533,-55.964156
-12.042533,-55.533116
-12.042533,-55.530871
-12.042533,-55.528626
-12.040288,-55.993341
-12.040288,-55.991096
-12.040288,-55.988851
-12.040288,-55.970891
-12.040288,-55.968646
-12.040288,-55.966401
-12.040288,-55.964156
-12.040288,-55.961911
-12.040288,-55.535361
-12.040288,-55.533116
-12.040288,-55.530871
-12.040288,-55.528626
-12.038043,-56.009056
-12.038043,-56.006811
-12.038043,-56.004566
-12.038043,-55.988851
-12.038043,-55.986606
-12.038043,-55.973136
-12.038043,-55.970891
-12.038043,-55.968646
-12.038043,-55.966401
-12.038043,-55.964156
-12.038043,-55.535361
-12.038043,-55.533116
-12.035798,-56.009056
-12.035798,-56.000076
-12.035798,-55.997831
-12.035798,-55.984361
-12.035798,-55.973136
-12.035798,-55.970891
-12.035798,-55.968646
-12.035798,-55.189631
-12.035798,-55.187386
-12.035798,-55.185141
-12.035798,-55.182896
-12.035798,-55.180651
-12.033553,-55.975381
-12.033553,-55.930481
-12.033553,-55.928236
-12.033553,-55.189631
-12.033553,-55.187386
-12.033553,-55.185141
-12.033553,-55.182896
-12.033553,-55.180651
-12.033553,-55.178406
-12.033553,-55.176161
-12.033553,-55.173916
-12.033553,-55.171671
-12.033553,-55.169426
-12.033553,-55.167181
-12.031308,-55.932726
-12.031308,-55.930481
-12.031308,-55.928236
-12.031308,-55.187386
-12.031308,-55.185141
-12.031308,-55.182896
-12.031308,-55.180651
-12.031308,-55.178406
-12.031308,-55.176161
-12.031308,-55.173916
-12.031308,-55.171671
-12.031308,-55.169426
-12.031308,-55.167181
-12.031308,-55.158201
-12.031308,-55.155956
-12.031308,-55.153711
-12.031308,-55.151466
-12.031308,-55.149221
-12.031308,-55.146976
-12.031308,-55.144731
-12.031308,-55.142486
-12.029063,-55.991096
-12.029063,-55.961911
-12.029063,-55.932726
-12.029063,-55.930481
-12.029063,-55.928236
-12.029063,-55.187386
-12.029063,-55.185141
-12.029063,-55.182896
-12.029063,-55.180651
-12.029063,-55.178406
-12.029063,-55.176161
-12.029063,-55.173916
-12.029063,-55.171671
-12.029063,-55.169426
-12.029063,-55.167181
-12.029063,-55.151466
-12.029063,-55.149221
-12.029063,-55.146976
-12.029063,-55.144731
-12.029063,-55.142486
-12.029063,-55.140241
-12.026818,-55.984361
-12.026818,-55.982116
-12.026818,-55.970891
-12.026818,-55.968646
-12.026818,-55.966401
-12.026818,-55.950686
-12.026818,-55.932726
-12.026818,-55.930481
-12.026818,-55.917011
-12.026818,-55.171671
-12.026818,-55.169426
-12.026818,-55.167181
-12.024573,-55.970891
-12.024573,-55.950686
-12.024573,-55.919256
-12.022328,-55.961911
-12.022328,-55.959666
-12.022328,-55.957421
-12.022328,-55.950686
-12.022328,-55.185141
-12.022328,-55.182896
-12.022328,-55.180651
-12.022328,-55.160446
-12.022328,-55.158201
-12.022328,-55.155956
-12.022328,-55.153711
-12.022328,-55.151466
-12.022328,-55.149221
-12.022328,-55.146976
-12.022328,-55.144731
-12.022328,-55.142486
-12.022328,-55.140241
-12.020083,-55.966401
-12.020083,-55.964156
-12.020083,-55.961911
-12.020083,-55.959666
-12.020083,-55.957421
-12.020083,-55.941706
-12.020083,-55.182896
-12.020083,-55.180651
-12.020083,-55.178406
-12.020083,-55.169426
-12.020083,-55.146976
-12.020083,-55.144731
-12.020083,-55.142486
-12.020083,-55.140241
-12.017838,-55.966401
-12.017838,-55.964156
-12.017838,-55.961911
-12.017838,-55.959666
-12.017838,-55.917011
-12.017838,-55.914766
-12.017838,-55.182896
-12.017838,-55.180651
-12.017838,-55.178406
-12.017838,-55.169426
-12.015593,-55.995586
-12.015593,-55.964156
-12.015593,-55.950686
-12.015593,-55.921501
-12.015593,-55.919256
-12.015593,-55.917011
-12.015593,-55.914766
-12.015593,-55.169426
-12.013348,-55.997831
-12.013348,-55.928236
-12.013348,-55.925991
-12.013348,-55.923746
-12.013348,-55.921501
-12.013348,-55.919256
-12.013348,-55.917011
-12.013348,-55.194121
-12.013348,-55.171671
-12.013348,-55.169426
-12.011103,-56.004566
-12.011103,-55.959666
-12.011103,-55.930481
-12.011103,-55.928236
-12.011103,-55.925991
-12.011103,-55.923746
-12.011103,-55.921501
-12.011103,-55.919256
-12.011103,-55.917011
-12.011103,-55.194121
-12.011103,-55.191876
-12.011103,-55.178406
-12.008858,-56.006811
-12.008858,-56.004566
-12.008858,-55.993341
-12.008858,-55.973136
-12.008858,-55.950686
-12.008858,-55.948441
-12.008858,-55.946196
-12.008858,-55.943951
-12.008858,-55.930481
-12.008858,-55.928236
-12.008858,-55.925991
-12.008858,-55.923746
-12.008858,-55.921501
-12.008858,-55.919256
-12.008858,-55.917011
-12.006613,-56.042731
-12.006613,-56.040486
-12.006613,-56.038241
-12.006613,-56.035996
-12.006613,-56.006811
-12.006613,-55.975381
-12.006613,-55.973136
-12.006613,-55.955176
-12.006613,-55.952931
-12.006613,-55.950686
-12.006613,-55.948441
-12.006613,-55.946196
-12.006613,-55.932726
-12.006613,-55.930481
-12.006613,-55.921501
-12.006613,-55.919256
-12.006613,-55.917011
-12.006613,-55.914766
-12.004368,-56.042731
-12.004368,-56.040486
-12.004368,-56.038241
-12.004368,-56.029261
-12.004368,-55.975381
-12.004368,-55.957421
-12.004368,-55.955176
-12.004368,-55.952931
-12.004368,-55.950686
-12.004368,-55.930481
-12.004368,-55.921501
-12.004368,-55.919256
-12.004368,-55.917011
-12.004368,-55.914766
-12.004368,-55.932726
-12.002123,-56.042731
-12.002123,-56.040486
-12.002123,-56.038241
-12.002123,-56.000076
-12.002123,-55.977626
-12.002123,-55.957421
-12.002123,-55.955176
-12.002123,-55.921501
-12.002123,-55.919256
-12.002123,-55.917011
-12.002123,-55.914766
-12.002123,-55.196366
-11.999878,-56.042731
-11.999878,-56.040486
-11.999878,-56.038241
-11.999878,-56.031506
-11.999878,-56.002321
-11.999878,-56.000076
-11.999878,-55.968646
-11.999878,-55.196366
-11.997633,-56.042731
-11.997633,-56.040486
-11.997633,-56.038241
-11.997633,-56.031506
-11.997633,-56.022526
-11.997633,-56.004566
-11.997633,-56.002321
-11.997633,-55.982116
-11.997633,-55.970891
-11.997633,-55.950686
-11.997633,-55.948441
-11.997633,-55.196366
-11.995388,-56.042731
-11.995388,-56.040486
-11.995388,-56.031506
-11.995388,-56.029261
-11.995388,-56.027016
-11.995388,-56.024771
-11.995388,-56.022526
-11.995388,-56.020281
-11.995388,-56.004566
-11.995388,-56.002321
-11.995388,-55.973136
-11.995388,-55.955176
-11.995388,-55.952931
-11.995388,-55.950686
-11.995388,-55.948441
-11.995388,-55.946196
-11.995388,-55.939461
-11.995388,-55.937216
-11.995388,-55.196366
-11.995388,-55.189631
-11.993143,-56.042731
-11.993143,-56.040486
-11.993143,-56.031506
-11.993143,-56.029261
-11.993143,-56.027016
-11.993143,-56.024771
-11.993143,-56.022526
-11.993143,-56.020281
-11.993143,-55.975381
-11.993143,-55.961911
-11.993143,-55.952931
-11.993143,-55.950686
-11.993143,-55.948441
-11.993143,-55.946196
-11.993143,-55.937216
-11.993143,-55.934971
-11.993143,-55.932726
-11.993143,-55.196366
-11.993143,-55.189631
-11.990898,-56.044976
-11.990898,-56.042731
-11.990898,-56.040486
-11.990898,-56.033751
-11.990898,-56.031506
-11.990898,-56.029261
-11.990898,-56.027016
-11.990898,-56.024771
-11.990898,-55.979871
-11.990898,-55.977626
-11.990898,-55.952931
-11.990898,-55.950686
-11.988653,-56.044976
-11.988653,-56.042731
-11.988653,-56.040486
-11.988653,-56.033751
-11.988653,-56.031506
-11.988653,-56.029261
-11.988653,-56.027016
-11.988653,-55.993341
-11.988653,-55.991096
-11.988653,-55.988851
-11.988653,-55.986606
-11.988653,-55.144731
-11.986408,-55.997831
-11.986408,-55.995586
-11.986408,-55.993341
-11.986408,-55.991096
-11.986408,-55.988851
-11.986408,-55.986606
-11.986408,-55.959666
-11.986408,-55.196366
-11.984163,-56.000076
-11.984163,-55.997831
-11.984163,-55.995586
-11.984163,-55.993341
-11.984163,-55.991096
-11.984163,-55.988851
-11.984163,-55.986606
-11.984163,-55.984361
-11.984163,-55.966401
-11.984163,-55.964156
-11.984163,-55.961911
-11.984163,-55.959666
-11.984163,-55.957421
-11.984163,-55.198611
-11.984163,-55.196366
-11.981918,-55.997831
-11.981918,-55.995586
-11.981918,-55.993341
-11.981918,-55.991096
-11.981918,-55.988851
-11.981918,-55.986606
-11.981918,-55.984361
-11.981918,-55.982116
-11.981918,-55.979871
-11.981918,-55.961911
-11.981918,-55.959666
-11.981918,-55.957421
-11.981918,-55.196366
-11.981918,-55.140241
-11.979673,-55.995586
-11.979673,-55.993341
-11.979673,-55.991096
-11.979673,-55.988851
-11.979673,-55.986606
-11.979673,-55.984361
-11.979673,-55.982116
-11.979673,-55.979871
-11.977428,-55.993341
-11.977428,-55.991096
-11.977428,-55.988851
-11.977428,-55.986606
-11.977428,-55.984361
-11.977428,-55.982116
-11.977428,-55.979871
-11.977428,-55.189631
-11.977428,-55.187386
-11.975183,-55.991096
-11.975183,-55.988851
-11.975183,-55.986606
-11.975183,-55.984361
-11.975183,-55.982116
-11.975183,-55.979871
-11.972938,-55.988851
-11.972938,-55.986606
-11.972938,-55.984361
-11.972938,-55.982116
-11.972938,-55.979871
-11.972938,-55.198611
-11.970693,-55.986606
-11.970693,-55.984361
-11.970693,-55.198611
-11.970693,-55.135751
-11.968448,-55.200856
-11.968448,-55.198611
-11.968448,-55.189631
-11.968448,-55.133506
-11.966203,-55.200856
-11.966203,-55.198611
-11.966203,-55.191876
-11.966203,-55.189631
-11.966203,-55.187386
-11.963958,-55.200856
-11.963958,-55.191876
-11.963958,-55.189631
-11.963958,-55.187386
-11.961713,-55.189631
-11.961713,-55.187386
-11.959468,-55.189631
-11.959468,-55.187386
-11.957223,-55.200856
-11.957223,-55.189631
-11.954978,-55.200856
-11.954978,-55.191876
-11.954978,-55.189631
-11.952733,-55.203101
-11.952733,-55.200856
-11.952733,-55.194121
-11.952733,-55.191876
-11.950488,-55.203101
-11.950488,-55.200856
-11.950488,-55.194121
-11.950488,-55.191876
-11.950488,-55.104321
-11.950488,-55.102076
-11.948243,-55.194121
-11.948243,-55.191876
-11.948243,-55.111056
-11.948243,-55.108811
-11.948243,-55.106566
-11.948243,-55.104321
-11.948243,-55.102076
-11.945998,-55.113301
-11.945998,-55.111056
-11.945998,-55.108811
-11.945998,-55.106566
-11.945998,-55.104321
-11.945998,-55.102076
-11.945998,-55.099831
-11.943753,-55.113301
-11.943753,-55.111056
-11.943753,-55.108811
-11.943753,-55.106566
-11.943753,-55.104321
-11.943753,-55.102076
-11.943753,-55.099831
-11.943753,-55.097586
-11.941508,-55.113301
-11.941508,-55.111056
-11.941508,-55.108811
-11.941508,-55.106566
-11.941508,-55.104321
-11.941508,-55.102076
-11.939263,-55.111056
-11.939263,-55.108811
-11.939263,-55.106566
-11.937018,-55.095341
-11.937018,-55.093096
-11.934773,-55.102076
-11.934773,-55.095341
-11.934773,-55.093096
-11.934773,-55.090851
-11.932528,-55.634141
-11.932528,-55.106566
-11.932528,-55.104321
-11.932528,-55.102076
-11.932528,-55.093096
-11.932528,-55.090851
-11.930283,-55.638631
-11.930283,-55.636386
-11.930283,-55.634141
-11.930283,-55.108811
-11.930283,-55.106566
-11.930283,-55.104321
-11.930283,-55.102076
-11.930283,-55.093096
-11.930283,-55.090851
-11.930283,-55.088606
-11.928038,-55.643121
-11.928038,-55.640876
-11.928038,-55.638631
-11.928038,-55.636386
-11.928038,-55.634141
-11.928038,-55.106566
-11.928038,-55.104321
-11.928038,-55.102076
-11.928038,-55.099831
-11.928038,-55.093096
-11.928038,-55.090851
-11.925793,-55.643121
-11.925793,-55.640876
-11.925793,-55.634141
-11.925793,-55.631896
-11.925793,-55.104321
-11.925793,-55.102076
-11.925793,-55.099831
-11.923548,-55.643121
-11.923548,-55.631896
-11.923548,-55.629651
-11.923548,-55.627406
-11.923548,-55.104321
-11.923548,-55.102076
-11.923548,-55.099831
-11.923548,-55.086361
-11.923548,-55.084116
-11.921303,-55.631896
-11.921303,-55.629651
-11.921303,-55.627406
-11.921303,-55.625161
-11.921303,-55.622916
-11.921303,-55.104321
-11.921303,-55.088606
-11.921303,-55.086361
-11.921303,-55.084116
-11.921303,-55.081871
-11.919058,-55.631896
-11.919058,-55.629651
-11.919058,-55.627406
-11.919058,-55.625161
-11.919058,-55.622916
-11.919058,-55.620671
-11.919058,-55.618426
-11.919058,-55.113301
-11.919058,-55.111056
-11.919058,-55.093096
-11.919058,-55.090851
-11.919058,-55.088606
-11.919058,-55.086361
-11.919058,-55.084116
-11.919058,-55.081871
-11.919058,-55.079626
-11.916813,-55.634141
-11.916813,-55.631896
-11.916813,-55.629651
-11.916813,-55.627406
-11.916813,-55.625161
-11.916813,-55.622916
-11.916813,-55.620671
-11.916813,-55.618426
-11.916813,-55.616181
-11.916813,-55.113301
-11.916813,-55.111056
-11.916813,-55.097586
-11.916813,-55.095341
-11.916813,-55.093096
-11.916813,-55.090851
-11.916813,-55.088606
-11.916813,-55.086361
-11.916813,-55.084116
-11.916813,-55.081871
-11.916813,-55.079626
-11.914568,-55.634141
-11.914568,-55.631896
-11.914568,-55.629651
-11.914568,-55.627406
-11.914568,-55.625161
-11.914568,-55.622916
-11.914568,-55.620671
-11.914568,-55.618426
-11.914568,-55.102076
-11.914568,-55.099831
-11.914568,-55.097586
-11.914568,-55.095341
-11.914568,-55.093096
-11.914568,-55.090851
-11.914568,-55.088606
-11.914568,-55.086361
-11.914568,-55.084116
-11.914568,-55.081871
-11.912323,-55.640876
-11.912323,-55.638631
-11.912323,-55.636386
-11.912323,-55.634141
-11.912323,-55.631896
-11.912323,-55.629651
-11.912323,-55.627406
-11.912323,-55.625161
-11.912323,-55.622916
-11.912323,-55.620671
-11.912323,-55.618426
-11.912323,-55.607201
-11.912323,-55.102076
-11.912323,-55.099831
-11.912323,-55.097586
-11.912323,-55.095341
-11.912323,-55.093096
-11.912323,-55.090851
-11.912323,-55.088606
-11.912323,-55.086361
-11.910078,-55.643121
-11.910078,-55.640876
-11.910078,-55.638631
-11.910078,-55.636386
-11.910078,-55.634141
-11.910078,-55.631896
-11.910078,-55.629651
-11.910078,-55.627406
-11.910078,-55.625161
-11.910078,-55.622916
-11.910078,-55.620671
-11.910078,-55.609446
-11.910078,-55.607201
-11.910078,-55.604956
-11.910078,-55.602711
-11.910078,-55.099831
-11.910078,-55.097586
-11.910078,-55.095341
-11.910078,-55.093096
-11.910078,-55.090851
-11.910078,-55.077381
-11.910078,-55.075136
-11.907833,-56.074161
-11.907833,-56.071916
-11.907833,-56.069671
-11.907833,-56.067426
-11.907833,-55.645366
-11.907833,-55.643121
-11.907833,-55.640876
-11.907833,-55.638631
-11.907833,-55.636386
-11.907833,-55.634141
-11.907833,-55.631896
-11.907833,-55.629651
-11.907833,-55.627406
-11.907833,-55.625161
-11.907833,-55.622916
-11.907833,-55.609446
-11.907833,-55.607201
-11.907833,-55.604956
-11.907833,-55.602711
-11.907833,-55.600466
-11.907833,-55.598221
-11.907833,-55.099831
-11.907833,-55.097586
-11.907833,-55.095341
-11.907833,-55.093096
-11.907833,-55.090851
-11.907833,-55.077381
-11.907833,-55.075136
-11.907833,-55.072891
-11.905588,-56.074161
-11.905588,-56.071916
-11.905588,-56.069671
-11.905588,-56.067426
-11.905588,-56.065181
-11.905588,-56.062936
-11.905588,-56.060691
-11.905588,-55.645366
-11.905588,-55.643121
-11.905588,-55.640876
-11.905588,-55.638631
-11.905588,-55.636386
-11.905588,-55.634141
-11.905588,-55.631896
-11.905588,-55.629651
-11.905588,-55.627406
-11.905588,-55.611691
-11.905588,-55.609446
-11.905588,-55.607201
-11.905588,-55.604956
-11.905588,-55.602711
-11.905588,-55.600466
-11.905588,-55.598221
-11.905588,-55.099831
-11.905588,-55.097586
-11.905588,-55.095341
-11.905588,-55.075136
-11.905588,-55.072891
-11.905588,-55.070646
-11.903343,-56.074161
-11.903343,-56.071916
-11.903343,-56.069671
-11.903343,-56.067426
-11.903343,-56.065181
-11.903343,-56.062936
-11.903343,-56.060691
-11.903343,-55.613936
-11.903343,-55.611691
-11.903343,-55.609446
-11.903343,-55.607201
-11.903343,-55.604956
-11.903343,-55.602711
-11.903343,-55.600466
-11.903343,-55.598221
-11.903343,-55.589241
-11.903343,-55.075136
-11.901098,-56.074161
-11.901098,-56.071916
-11.901098,-56.069671
-11.901098,-56.067426
-11.901098,-56.065181
-11.901098,-56.062936
-11.901098,-56.060691
-11.901098,-55.616181
-11.901098,-55.613936
-11.901098,-55.611691
-11.901098,-55.609446
-11.901098,-55.607201
-11.901098,-55.604956
-11.901098,-55.602711
-11.901098,-55.600466
-11.901098,-55.598221
-11.901098,-55.591486
-11.901098,-55.589241
-11.901098,-55.586996
-11.901098,-55.081871
-11.898853,-56.071916
-11.898853,-56.069671
-11.898853,-56.067426
-11.898853,-56.065181
-11.898853,-56.062936
-11.898853,-56.060691
-11.898853,-56.058446
-11.898853,-55.620671
-11.898853,-55.618426
-11.898853,-55.616181
-11.898853,-55.613936
-11.898853,-55.611691
-11.898853,-55.609446
-11.898853,-55.607201
-11.898853,-55.604956
-11.898853,-55.598221
-11.898853,-55.595976
-11.898853,-55.593731
-11.898853,-55.591486
-11.898853,-55.589241
-11.898853,-55.084116
-11.898853,-55.081871
-11.898853,-55.079626
-11.898853,-55.070646
-11.898853,-55.068401
-11.898853,-55.066156
-11.896608,-56.071916
-11.896608,-56.069671
-11.896608,-56.067426
-11.896608,-56.065181
-11.896608,-56.062936
-11.896608,-56.060691
-11.896608,-56.058446
-11.896608,-55.625161
-11.896608,-55.622916
-11.896608,-55.620671
-11.896608,-55.618426
-11.896608,-55.616181
-11.896608,-55.613936
-11.896608,-55.611691
-11.896608,-55.609446
-11.896608,-55.607201
-11.896608,-55.595976
-11.896608,-55.593731
-11.896608,-55.591486
-11.896608,-55.589241
-11.896608,-55.086361
-11.896608,-55.084116
-11.896608,-55.081871
-11.896608,-55.070646
-11.896608,-55.068401
-11.896608,-55.066156
-11.894363,-56.071916
-11.894363,-56.069671
-11.894363,-56.065181
-11.894363,-56.062936
-11.894363,-56.060691
-11.894363,-56.058446
-11.894363,-55.620671
-11.894363,-55.618426
-11.894363,-55.616181
-11.894363,-55.613936
-11.894363,-55.611691
-11.894363,-55.609446
-11.894363,-55.607201
-11.894363,-55.093096
-11.894363,-55.090851
-11.894363,-55.088606
-11.894363,-55.086361
-11.892118,-56.071916
-11.892118,-56.062936
-11.892118,-56.060691
-11.892118,-56.058446
-11.892118,-55.618426
-11.892118,-55.616181
-11.892118,-55.613936
-11.892118,-55.611691
-11.892118,-55.609446
-11.892118,-55.093096
-11.889873,-55.616181
-11.889873,-55.613936
-11.889873,-55.611691
-11.889873,-55.609446
-11.887628,-55.618426
-11.887628,-55.616181
-11.887628,-55.613936
-11.887628,-55.611691
-11.885383,-55.618426
-11.885383,-55.616181
-11.885383,-55.613936
-11.885383,-55.611691
-11.883138,-55.620671
-11.883138,-55.618426
-11.883138,-55.616181
-11.883138,-55.613936
-11.880893,-55.620671
-11.880893,-55.618426
-11.880893,-55.616181
-11.880893,-55.613936
-11.880893,-55.611691
-11.878648,-55.620671
-11.878648,-55.618426
-11.878648,-55.616181
-11.878648,-55.613936
-11.878648,-55.611691
-11.878648,-55.609446
-11.878648,-55.607201
-11.876403,-55.618426
-11.876403,-55.616181
-11.876403,-55.613936
-11.876403,-55.611691
-11.876403,-55.609446
-11.876403,-55.607201
-11.876403,-55.604956
-11.876403,-55.602711
-11.874158,-55.616181
-11.874158,-55.613936
-11.874158,-55.611691
-11.874158,-55.609446
-11.874158,-55.607201
-11.874158,-55.604956
-11.874158,-55.602711
-11.871913,-55.611691
-11.871913,-55.609446
-11.871913,-55.607201
-11.871913,-55.604956
-11.871913,-55.602711
-11.869668,-55.607201
-11.869668,-55.604956
-11.869668,-55.589241
-11.867423,-55.589241
-11.867423,-55.586996
-11.867423,-55.584751
-11.865178,-55.591486
-11.865178,-55.589241
-11.865178,-55.586996
-11.865178,-55.584751
-11.865178,-55.582506
-11.865178,-55.580261
-11.862933,-55.593731
-11.862933,-55.591486
-11.862933,-55.589241
-11.862933,-55.586996
-11.862933,-55.584751
-11.862933,-55.582506
-11.862933,-55.580261
-11.862933,-55.578016
-11.860688,-55.593731
-11.860688,-55.591486
-11.860688,-55.589241
-11.860688,-55.586996
-11.860688,-55.584751
-11.860688,-55.582506
-11.860688,-55.580261
-11.860688,-55.578016
-11.858443,-55.593731
-11.858443,-55.591486
-11.858443,-55.589241
-11.858443,-55.586996
-11.858443,-55.584751
-11.858443,-55.582506
-11.858443,-55.580261
-11.858443,-55.578016
-11.856198,-55.593731
-11.856198,-55.591486
-11.856198,-55.589241
-11.856198,-55.586996
-11.856198,-55.584751
-11.856198,-55.582506
-11.856198,-55.580261
-11.856198,-55.578016
-11.853953,-55.593731
-11.853953,-55.591486
-11.853953,-55.589241
-11.853953,-55.586996
-11.853953,-55.584751
-11.853953,-55.582506
-11.853953,-55.580261
-11.853953,-55.578016
-11.851708,-55.593731
-11.851708,-55.591486
-11.851708,-55.589241
-11.851708,-55.586996
-11.851708,-55.584751
-11.851708,-55.582506
-11.851708,-55.580261
-11.851708,-55.578016
-11.849463,-55.611691
-11.849463,-55.609446
-11.849463,-55.607201
-11.849463,-55.604956
-11.849463,-55.602711
-11.849463,-55.595976
-11.849463,-55.593731
-11.849463,-55.591486
-11.849463,-55.589241
-11.849463,-55.586996
-11.849463,-55.584751
-11.849463,-55.582506
-11.849463,-55.580261
-11.849463,-55.578016
-11.847218,-55.611691
-11.847218,-55.609446
-11.847218,-55.607201
-11.847218,-55.604956
-11.847218,-55.602711
-11.847218,-55.600466
-11.847218,-55.598221
-11.847218,-55.595976
-11.847218,-55.593731
-11.847218,-55.591486
-11.847218,-55.589241
-11.847218,-55.586996
-11.847218,-55.584751
-11.847218,-55.582506
-11.847218,-55.580261
-11.847218,-55.578016
-11.844973,-55.611691
-11.844973,-55.609446
-11.844973,-55.607201
-11.844973,-55.604956
-11.844973,-55.602711
-11.844973,-55.600466
-11.844973,-55.598221
-11.844973,-55.595976
-11.844973,-55.593731
-11.844973,-55.591486
-11.844973,-55.589241
-11.844973,-55.586996
-11.844973,-55.584751
-11.844973,-55.582506
-11.844973,-55.580261
-11.842728,-55.611691
-11.842728,-55.609446
-11.842728,-55.607201
-11.842728,-55.604956
-11.842728,-55.602711
-11.842728,-55.600466
-11.842728,-55.598221
-11.842728,-55.595976
-11.842728,-55.593731
-11.842728,-55.591486
-11.842728,-55.589241
-11.842728,-55.586996
-11.842728,-55.584751
-11.842728,-55.582506
-11.842728,-55.580261
-11.840483,-55.611691
-11.840483,-55.609446
-11.840483,-55.607201
-11.840483,-55.604956
-11.840483,-55.602711
-11.840483,-55.600466
-11.840483,-55.598221
-11.840483,-55.595976
-11.840483,-55.593731
-11.840483,-55.591486
-11.840483,-55.589241
-11.840483,-55.586996
-11.840483,-55.584751
-11.840483,-55.582506
-11.840483,-55.580261
-11.838238,-55.602711
-11.838238,-55.600466
-11.838238,-55.598221
-11.838238,-55.595976
-11.838238,-55.593731
-11.838238,-55.591486
-11.838238,-55.589241
-11.838238,-55.586996
-11.838238,-55.584751
-11.838238,-55.582506
-11.838238,-55.580261
-11.838238,-55.346781
-11.835993,-55.589241
-11.835993,-55.586996
-11.835993,-55.584751
-11.835993,-55.582506
-11.835993,-55.580261
-11.822523,-55.340046
-11.820278,-55.358006
-11.818033,-55.360251
-11.818033,-55.358006
-11.818033,-55.355761
-11.815788,-55.360251
-11.815788,-55.358006
-11.815788,-55.355761
-11.815788,-55.353516
-11.813543,-55.360251
-11.813543,-55.358006
-11.813543,-55.355761
-11.813543,-55.353516
-11.813543,-55.351271
-11.811298,-55.360251
-11.811298,-55.358006
-11.811298,-55.355761
-11.811298,-55.353516
-11.811298,-55.351271
-11.811298,-55.349026
-11.811298,-55.335556
-11.809053,-55.360251
-11.809053,-55.358006
-11.809053,-55.355761
-11.809053,-55.353516
-11.809053,-55.351271
-11.809053,-55.349026
-11.809053,-55.346781
-11.809053,-55.337801
-11.809053,-55.335556
-11.806808,-55.362496
-11.806808,-55.360251
-11.806808,-55.358006
-11.806808,-55.355761
-11.806808,-55.353516
-11.806808,-55.351271
-11.806808,-55.335556
-11.804563,-55.362496
-11.804563,-55.360251
-11.804563,-55.358006
-11.804563,-55.355761
-11.804563,-55.353516
-11.802318,-55.387191
-11.802318,-55.384946
-11.802318,-55.362496
-11.802318,-55.360251
-11.802318,-55.358006
-11.802318,-55.355761
-11.802318,-55.344536
-11.800073,-55.384946
-11.800073,-55.360251
-11.800073,-55.358006
-11.797828,-55.384946
-11.797828,-55.360251
-11.797828,-55.351271
-11.795583,-55.384946
-11.795583,-55.375966
-11.795583,-55.373721
-11.795583,-55.353516
-11.793338,-55.375966
-11.793338,-55.373721
-11.793338,-55.355761
-11.759663,-55.423111
-11.759663,-55.420866
-11.757418,-55.423111
-11.757418,-55.420866
-11.757418,-55.418621
-11.755173,-55.423111
-11.755173,-55.420866
-11.755173,-55.418621
-11.755173,-55.416376
-11.755173,-55.414131
-11.755173,-55.409641
-11.755173,-55.411886
-11.752928,-55.420866
-11.752928,-55.418621
-11.752928,-55.416376
-11.752928,-55.414131
-11.752928,-55.411886
-11.752928,-55.409641
-11.752928,-55.407396
-11.752928,-55.398416
-11.752928,-55.396171
-11.752928,-55.393926
-11.752928,-55.391681
-11.750683,-55.418621
-11.750683,-55.416376
-11.750683,-55.414131
-11.750683,-55.411886
-11.750683,-55.409641
-11.750683,-55.407396
-11.750683,-55.400661
-11.750683,-55.398416
-11.750683,-55.396171
-11.750683,-55.393926
-11.750683,-55.391681
-11.748438,-55.416376
-11.748438,-55.414131
-11.748438,-55.411886
-11.748438,-55.409641
-11.748438,-55.400661
-11.748438,-55.398416
-11.748438,-55.396171
-11.748438,-55.393926
-11.748438,-55.391681
-11.746193,-55.416376
-11.746193,-55.414131
-11.746193,-55.411886
-11.746193,-55.409641
-11.743948,-55.416376
-11.743948,-55.414131
-11.743948,-55.411886
-11.743948,-55.409641
-11.741703,-55.416376
-11.741703,-55.414131
-11.741703,-55.411886
-11.741703,-55.409641
-11.732723,-55.400661
-11.730478,-55.405151
-11.730478,-55.402906
-11.730478,-55.400661
-11.730478,-55.398416
-11.730478,-55.396171
-11.730478,-55.393926
-11.730478,-55.391681
-11.728233,-55.407396
-11.728233,-55.405151
-11.728233,-55.402906
-11.728233,-55.400661
-11.728233,-55.398416
-11.728233,-55.396171
-11.728233,-55.393926
-11.725988,-55.420866
-11.725988,-55.409641
-11.725988,-55.407396
-11.725988,-55.405151
-11.725988,-55.402906
-11.725988,-55.400661
-11.725988,-55.398416
-11.725988,-55.396171
-11.723743,-55.407396
-11.723743,-55.405151
-11.723743,-55.402906
-11.723743,-55.400661
-11.723743,-55.398416
-11.721498,-55.416376
-11.721498,-55.405151
-11.721498,-55.402906
-11.721498,-55.400661
-11.719253,-55.414131
-11.719253,-55.402906
-11.717008,-55.411886
-11.717008,-55.409641
-11.586798,-56.300906
-11.586798,-56.298661
-11.586798,-56.296416
-11.586798,-56.294171
-11.584553,-56.303151
-11.584553,-56.294171
-11.584553,-56.291926
-11.584553,-56.289681
-11.582308,-56.307641
-11.582308,-56.294171
-11.582308,-56.291926
-11.582308,-56.289681
-11.580063,-56.291926
-11.580063,-56.289681
-11.580063,-56.287436
-11.577818,-56.291926
-11.577818,-56.289681
-11.577818,-56.287436
-11.577818,-56.285191
-11.575573,-56.289681
-11.575573,-56.287436
-11.575573,-56.285191
-11.573328,-56.289681
-11.573328,-56.287436
-11.573328,-56.285191
-11.571083,-56.287436
-11.539653,-56.240291
-11.539653,-56.238046
-11.537408,-56.242536
-11.537408,-56.240291
-11.537408,-56.238046
-11.537408,-56.235801
-11.537408,-56.233556
-11.537408,-56.231311
-11.537408,-56.229066
-11.537408,-56.226821
-11.535163,-56.240291
-11.535163,-56.238046
-11.535163,-56.235801
-11.535163,-56.233556
-11.535163,-56.231311
-11.535163,-56.229066
-11.535163,-56.226821
-11.535163,-56.213351
-11.532918,-56.235801
-11.532918,-56.233556
-11.532918,-56.231311
-11.532918,-56.215596
-11.523938,-56.233556
-11.523938,-56.231311
-11.523938,-56.213351
-11.521693,-56.229066
-11.521693,-56.226821
-11.521693,-56.213351
-11.521693,-56.211106
-11.519448,-56.229066
-11.519448,-56.226821
-11.517203,-56.226821
-11.508223,-56.267231
-11.508223,-56.264986
-11.505978,-56.267231
-11.505978,-56.264986
-11.503733,-56.280701
-11.503733,-56.267231
-11.503733,-56.264986
-11.501488,-56.289681
-11.501488,-56.267231
-11.501488,-56.264986
-11.499243,-56.264986
-11.499243,-56.262741
-11.494753,-56.258251
-11.494753,-56.256006
-11.492508,-56.258251
-11.490263,-56.282946
-11.490263,-56.280701
-11.488018,-56.280701
-11.476793,-56.285191
-11.474548,-56.289681
-11.474548,-56.287436
-11.472303,-56.287436
-13.674648,-57.840976
-13.674648,-57.838731
-13.676893,-57.840976
-13.676893,-57.838731
-13.676893,-57.836486
-13.679138,-57.840976
-13.679138,-57.838731
-13.679138,-57.836486
-13.681383,-57.840976
-13.681383,-57.838731
-13.681383,-57.836486
-13.683628,-57.836486
-13.746488,-57.892611
-13.746488,-57.890366
-13.746488,-57.888121
-13.748733,-57.892611
-13.748733,-57.890366
-13.748733,-57.888121
-13.750978,-57.892611
-13.750978,-57.890366
-13.750978,-57.888121
-13.753223,-57.892611
-13.753223,-57.890366
-13.753223,-57.888121
-13.825063,-56.541121
-13.825063,-56.538876
-13.825063,-56.536631
-13.827308,-56.538876
-13.827308,-56.536631
-13.838533,-57.831996
-13.840778,-57.834241
-13.840778,-57.831996
-13.840778,-57.829751
-13.840778,-56.608471
-13.840778,-56.606226
-13.843023,-56.608471
-13.843023,-56.606226
-13.845268,-56.608471
-13.849758,-57.858936
-13.849758,-57.856691
-13.849758,-57.854446
-13.849758,-56.559081
-13.849758,-56.556836
-13.849758,-56.554591
-13.852003,-57.858936
-13.852003,-57.856691
-13.852003,-56.559081
-13.852003,-56.556836
-13.852003,-56.554591
-13.854248,-57.843221
-13.856493,-57.845466
-13.856493,-57.843221
-13.856493,-57.840976
-13.856493,-57.838731
-13.858738,-57.845466
-13.858738,-57.843221
-13.858738,-57.840976
-13.858738,-57.838731
-13.860983,-57.840976
-13.876698,-57.852201
-13.878943,-57.852201
-13.878943,-57.849956
-13.878943,-57.847711
-13.881188,-57.854446
-13.881188,-57.852201
-13.881188,-57.849956
-14.785923,-57.019306
-14.785923,-57.017061
-14.788168,-57.028286
-14.790413,-57.073186
-14.797148,-57.005836
-14.797148,-57.003591
-14.799393,-57.012571
-14.819598,-57.243806
-14.821843,-57.246051
-14.821843,-57.243806
-14.824088,-57.243806
-14.824088,-57.241561
-14.824088,-57.019306
-14.824088,-57.017061
-14.824088,-57.014816
-14.826333,-57.243806
-14.826333,-57.241561
-14.830823,-57.095636
-14.830823,-57.066451
-14.830823,-57.064206
-14.830823,-57.061961
-14.833068,-57.106861
-14.833068,-57.104616
-14.833068,-57.095636
-14.833068,-57.066451
-14.833068,-57.064206
-14.833068,-57.061961
-14.855518,-57.066451
-14.857763,-57.070941
-14.857763,-57.068696
-14.857763,-57.066451
-14.857763,-57.064206
-14.891438,-57.201151
-14.922868,-57.212376
-14.922868,-57.210131
-14.925113,-57.212376
